<?xml version="1.0" encoding="UTF-8"?>
<beans xmlns="http://www.springframework.org/schema/beans" xmlns:cxf="http://cxf.apache.org/core"
	xmlns:jaxws="http://cxf.apache.org/jaxws" xmlns:soap="http://cxf.apache.org/bindings/soap"
	xmlns:wsa="http://cxf.apache.org/ws/addressing" xmlns:xsi="http://www.w3.org/2001/XMLSchema-instance"
	xsi:schemaLocation="
http://www.springframework.org/schema/beans http://www.springframework.org/schema/beans/spring-beans.xsd
http://cxf.apache.org/bindings/soap http://cxf.apache.org/schemas/configuration/soap.xsd
http://cxf.apache.org/core http://cxf.apache.org/schemas/core.xsd
 http://cxf.apache.org/jaxws http://cxf.apache.org/schemas/jaxws.xsd">
	<bean class="org.apache.cxf.interceptor.LoggingInInterceptor" id="loggingInInterceptor" />
	<bean class="org.apache.cxf.interceptor.LoggingOutInterceptor" id="logOutInterceptor" />
	<cxf:bus>
		<cxf:inInterceptors>
			<ref bean="loggingInInterceptor" />
		</cxf:inInterceptors>
		<cxf:outInterceptors>
			<ref bean="logOutInterceptor" />
		</cxf:outInterceptors>
	</cxf:bus>
	
	<jaxws:endpoint xmlns:tns="http://service.alsmon.isel.pt/"
		id="uploadfile" implementor="pt.isel.alsmon.service.UploadFileImpl"
		endpointName="tns:UploadFile" serviceName="tns:UploadFileService" address="/UploadFile">
		<jaxws:properties>
      		<entry key="mtom-enabled" value="true"/>
      		<entry key="ws-security.callback-handler" value="pt.isel.alsmon.security.ServerCallback"/>		
        </jaxws:properties>
		<jaxws:features>
			<bean class="org.apache.cxf.feature.LoggingFeature" />
		</jaxws:features>
	</jaxws:endpoint>
</beans>
