<?xml version="1.0" encoding="UTF-8"?>
<!DOCTYPE xml>
	<wsp:Policy wsu:Id="UF_policy"
		xmlns:wsp="http://www.w3.org/ns/ws-policy"
		xmlns:wsu="http://docs.oasis-open.org/wss/2004/01/oasis-200401-wss-wssecurity-utility-1.0.xsd">
		<wsp:ExactlyOne>
			<wsp:All>
				<sp:SupportingTokens
					xmlns:sp="http://docs.oasis-open.org/ws-sx/ws-securitypolicy/200702">
					<wsp:Policy>
						<sp:UsernameToken
							sp:IncludeToken="http://docs.oasis-open.org/ws-sx/ws-securitypolicy/200702/IncludeToken/AlwaysToRecipient">
							<wsp:Policy>
								<sp:WssUsernameToken11 />
							</wsp:Policy>
						</sp:UsernameToken>
					</wsp:Policy>
				</sp:SupportingTokens>
			</wsp:All>
		</wsp:ExactlyOne>
	</wsp:Policy>
